SELECT * FROM TB_PROFESSOR;
SELECT * FROM TB_DISCIPLINA;
SELECT * FROM TB_ESTADO;
SELECT * FROM TB_ALUNO;
SELECT * FROM TB_CLASSE;
INSERT INTO TB_ALUNO(COD_ALUNO, NOME_ALUNO, END_ALUNO, SIGLA_ESTADO, ID_CLASSE) VALUES (1, "ANTONIO CARLOS PENTEADO", "RUA X", "SP", 1), (2, "AUROMIR DA SILVA VALDEVINO", "RUA W", "SP", 1), (3, "ANDRE COSTA", "RUA T", "SP", 1), (4, "ROBERTO SOARES DE MENEZES", "RUA BW", "SP", 2), 
(5, "DANIA", "RUA CCC", "SP", 2),
(6, "CARLOS MAGALHÃES", "AV SP", "SP", 2),
(7, "MARCELO RAUBA", "AV SAO LUIS", "SP", 3),
(8, "FERNANDO", "AV CONTYR", "SP", 3),
(9, "WALMIR BURIN", "RUA SSISIS", "SP", 3);
INSERT INTO TB_CLASSE VALUES (1,1), (2,2), (3,3);
INSERT INTO TB_ALUNO(COD_ALUNO, NOME_ALUNO, END_ALUNO, SIGLA_ESTADO, ID_CLASSE) VALUES (1, "ANTONIO CARLOS PENTEADO", "RUA X", "SP", 1), (2, "AUROMIR DA SILVA VALDEVINO", "RUA W", "SP", 1), (3, "ANDRE COSTA", "RUA T", "SP", 1), (4, "ROBERTO SOARES DE MENEZES", "RUA BW", "SP", 2), 
(5, "DANIA", "RUA CCC", "SP", 2),
(6, "CARLOS MAGALHÃES", "AV SP", "SP", 2),
(7, "MARCELO RAUBA", "AV SAO LUIS", "SP", 3),
(8, "FERNANDO", "AV CONTYR", "SP", 3),
(9, "WALMIR BURIN", "RUA SSISIS", "SP", 3);
INSERT INTO TB_ALUNO VALUES (1, "ANTONIO CARLOS PENTEADO", "RUA X", "SP", 1), (2, "AUROMIR DA SILVA VALDEVINO", "RUA W", "SP", 1), (3, "ANDRE COSTA", "RUA T", "SP", 1), (4, "ROBERTO SOARES DE MENEZES", "RUA BW", "SP", 2), 
(5, "DANIA", "RUA CCC", "SP", 2),
(6, "CARLOS MAGALHÃES", "AV SP", "SP", 2),
(7, "MARCELO RAUBA", "AV SAO LUIS", "SP", 3),
(8, "FERNANDO", "AV CONTYR", "SP", 3),
(9, "WALMIR BURIN", "RUA SSISIS", "SP", 3);
INSERT INTO TB_ALUNO VALUES (1, "ANTONIO CARLOS PENTEADO", "RUA X", "SP", 1);
INSERT INTO TB_ESTADO VALUES ("SP", "SAO PAULO");
INSERT INTO TB_DISCIPLINA VALUES ("ING", "INGLES","LIM", 2);
INSERT INTO TB_DISCIPLINA VALUES ("GEO", "GEOGRAFIA","WAG", 4);
INSERT INTO TB_DISCIPLINA VALUES ("HIS", "HISTORIA","EDS", 2);
INSERT INTO TB_DISCIPLINA VALUES ("FIS", "FISICA","OSE", 3);
INSERT INTO TB_DISCIPLINA VALUES ("POR", "PORTUGUES","VIT", 5);
INSERT INTO TB_DISCIPLINA VALUES ("MAT", "MATEMATICA","JOI", 7);
INSERT INTO TB_ALUNO VALUES (1, "ANTONIO CARLOS PENTEADO", "RUA X", "SP", 1);
INSERT INTO TB_PROFESSOR VALUES ("JOI", "JOILSON CARDOSO"), ("OSE", "OSEAS SANTANA"), ("VIT", "VITOR VASCONCELOS"), ("FER","JOSE ROBERTO FERROLI"),
 ("LIM","VALMIR LIMA"),("EDS","EDSON SILVA"), ("WAG","WAGNER OKIDA");
ALTER TABLE TB_ALUNO ADD CONSTRAINT FOREIGN KEY (SIGLA_ESTADO) REFERENCES TB_ESTADO(SIGLA_ESTADO);
ALTER TABLE TB_ALUNO ADD CONSTRAINT FOREIGN KEY(ID_CLASSE) REFERENCES TB_CLASSE (ID_CLASSE);
ALTER TABLE TB_ALUNO_DISCIPLINA ADD CONSTRAINT FOREIGN KEY(COD_ALUNO) REFERENCES TB_ALUNO(COD_ALUNO);
ALTER TABLE TB_ALUNO_DISCIPLINA ADD CONSTRAINT FOREIGN KEY(ID_DISCIPLINA) REFERENCES TB_DISCIPLINA(ID_DISCIPLINA);
ALTER TABLE TB_DISCIPLINA ADD CONSTRAINT FOREIGN KEY(ID_PROFESSOR_DISCIPLINA) REFERENCES TB_PROFESSOR(ID_PROFESSOR);
ALTER TABLE TB_ALUNO ADD PRIMARY KEY (COD_ALUNO);
ALTER TABLE TB_DISCIPLINA ADD PRIMARY KEY(ID_DISCIPLINA);
ALTER TABLE TB_PROFESSOR ADD PRIMARY KEY(ID_PROFESSOR);
ALTER TABLE TB_CLASSE ADD PRIMARY KEY(ID_CLASSE);
ALTER TABLE TB_ESTADO ADD PRIMARY KEY(SIGLA_ESTADO);
CREATE TABLE TB_DISCIPLINA(ID_DISCIPLINA char(3), NOME_DISCIPLINA varchar(15), ID_PROFESSOR_DISCIPLINA char(3), NOTA_MINIMA_DISCIPLINA smallint);
CREATE TABLE TB_PROFESSOR(ID_PROFESSOR char(3), NOME_PROFESSOR varchar(25));
CREATE TABLE TB_ALUNO_DISCIPLINA(COD_ALUNO smallint, ID_DISCIPLINA char(3), NOTA_ALUNO smallint);
CREATE TABLE TB_CLASSE(ID_CLASSE smallint, ID_ANDAR smallint);
CREATE TABLE TB_ALUNO(COD_ALUNO smallint, NOME_ALUNO varchar(45), END_ALUNO varchar(100), SIGLA_ESTADO char(2), ID_CLASSE smallint);
CREATE TABLE TB_ESTADO (SIGLA_ESTADO char(2), NOME_ESTADO varchar(40));
USE atividadeteste;
CREATE DATABASE atividadeteste;
